id_detalle,id_pedido,id_producto,cantidad,precio_unitario,subtotal,estado
1,1,20,15,44.41,666.15,1
2,1,6,5,134.6,673.0,1
3,2,12,100,43.33,4333.0,1
4,2,11,10,58.63,586.3,1
5,2,4,10,73.97,739.7,1
6,3,3,5,76.35,381.75,1
7,3,7,10,38.59,385.9,1
8,4,2,5,49.58,247.9,1
9,4,8,20,43.0,860.0,1
10,4,15,5,70.84,354.2,1
11,5,1,5,49.31,246.55,1
12,5,2,20,57.17,1143.4,1
13,5,3,10,95.11,951.1,1
14,6,20,30,47.98,1439.4,1
15,7,11,10,56.65,566.5,1
16,7,18,10,113.49,1134.9,1
17,7,20,10,43.85,438.5,1
18,7,4,10,77.23,772.3,1
19,8,9,5,86.33,431.65,1
20,8,11,20,59.66,1193.2,1
21,9,13,30,77.97,2339.1,1
22,9,5,5,115.5,577.5,1
23,9,3,10,88.72,887.2,1
24,10,6,5,130.61,653.05,1
25,10,3,20,85.45,1709.0,1
26,11,9,5,90.15,450.75,1
27,11,3,5,84.35,421.75,1
28,11,4,10,71.8,718.0,1
29,12,20,15,43.03,645.45,1
30,12,4,5,75.97,379.85,1
31,13,8,30,46.79,1403.7,1
32,13,20,30,45.82,1374.6,1
33,14,7,15,38.6,579.0,1
34,15,9,30,82.69,2480.7,1
35,16,2,10,54.97,549.7,1
36,16,4,50,69.79,3489.5,1
37,16,5,10,119.43,1194.3,1
38,17,20,10,45.44,454.4,1
39,17,2,15,52.78,791.7,1
40,18,16,15,72.53,1087.95,1
41,19,2,50,54.28,2714.0,1
42,20,20,20,43.95,879.0,1
43,20,2,30,58.37,1751.1,1
44,21,17,15,109.45,1641.75,1
45,21,12,5,43.27,216.35,1
46,22,8,15,46.81,702.15,1
47,23,4,20,75.15,1503.0,1
48,23,9,10,80.34,803.4,1
49,23,1,50,48.84,2442.0,1
50,24,20,50,42.79,2139.5,1
51,25,19,15,91.57,1373.55,1
52,25,11,5,57.55,287.75,1
53,26,20,10,46.3,463.0,1
54,26,7,50,40.59,2029.5,1
55,26,4,30,70.28,2108.4,1
56,27,7,20,40.46,809.2,1
57,28,9,20,91.46,1829.2,1
58,29,5,10,112.37,1123.7,1
59,29,16,20,79.37,1587.4,1
60,29,9,20,85.65,1713.0,1
61,30,8,10,46.7,467.0,1
62,30,2,20,55.28,1105.6,1
63,31,8,10,42.09,420.9,1
64,31,14,5,88.89,444.45,1
65,31,2,20,55.63,1112.6,1
66,32,20,30,46.85,1405.5,1
67,32,19,10,98.86,988.6,1
68,32,2,50,52.26,2613.0,1
69,32,8,20,42.29,845.8,1
70,33,20,15,45.38,680.7,1
71,33,4,50,76.49,3824.5,1
72,34,3,30,88.26,2647.8,1
73,34,5,30,110.12,3303.6,1
74,34,15,15,70.62,1059.3,1
75,35,12,50,41.62,2081.0,1
76,35,18,5,107.5,537.5,1
77,35,11,15,56.88,853.2,1
78,36,8,5,43.16,215.8,1
79,36,6,5,133.17,665.85,1
80,37,4,30,77.36,2320.8,1
81,38,6,5,136.27,681.35,1
82,39,14,30,80.74,2422.2,1
83,39,16,10,73.68,736.8,1
84,39,20,15,47.13,706.95,1
85,40,8,100,45.76,4576.0,1
86,41,13,10,87.46,874.6,1
87,41,4,15,76.78,1151.7,1
88,42,20,30,48.17,1445.1,1
89,42,12,20,40.7,814.0,1
90,43,17,5,111.58,557.9,1
91,43,5,5,108.81,544.05,1
92,44,9,15,91.49,1372.35,1
93,45,3,20,82.24,1644.8,1
94,45,8,10,44.83,448.3,1
95,46,2,10,56.6,566.0,1
96,46,10,5,109.0,545.0,1
97,46,11,30,57.34,1720.2,1
98,47,15,15,69.99,1049.85,1
99,47,13,50,85.76,4288.0,1
100,48,1,5,49.67,248.35,1
101,48,9,20,83.17,1663.4,1
102,48,13,60,82.03,4921.8,1
103,48,2,5,54.23,271.15,1
104,49,7,40,41.7,1668.0,1
105,50,10,30,103.06,3091.8,1
106,50,17,60,107.9,6474.0,1
107,50,1,10,54.66,546.6,1
108,50,9,60,82.24,4934.4,1
109,51,20,15,43.69,655.35,1
110,52,5,10,114.75,1147.5,1
111,52,13,100,84.39,8439.0,1
112,52,20,20,46.49,929.8,1
113,52,2,15,52.98,794.7,1
114,53,6,5,128.71,643.55,1
115,53,19,30,98.3,2949.0,1
116,53,15,15,65.97,989.55,1
117,54,5,20,107.83,2156.6,1
118,54,2,30,56.61,1698.3,1
119,54,1,40,53.46,2138.4,1
120,54,11,50,55.57,2778.5,1
121,55,7,15,41.72,625.8,1
122,55,3,10,83.36,833.6,1
123,55,2,15,55.94,839.1,1
124,55,17,5,112.56,562.8,1
125,56,4,20,75.08,1501.6,1
126,57,4,100,79.13,7913.0,1
127,57,9,5,84.28,421.4,1
128,57,12,100,46.96,4696.0,1
129,57,5,5,112.37,561.85,1
130,58,7,40,40.11,1604.4,1
131,58,12,30,44.22,1326.6,1
132,58,4,20,76.91,1538.2,1
133,59,4,20,69.96,1399.2,1
134,59,1,100,50.45,5045.0,1
135,60,11,40,59.23,2369.2,1
136,60,2,30,60.43,1812.9,1
137,60,1,50,49.78,2489.0,1
138,60,15,60,67.15,4029.0,1
139,61,3,60,83.54,5012.4,1
140,61,18,15,121.19,1817.85,1
141,61,8,10,44.51,445.1,1
142,61,20,60,45.12,2707.2,1
143,62,19,100,92.53,9253.0,1
144,62,9,20,86.14,1722.8,1
145,62,3,40,80.69,3227.6,1
146,62,5,20,108.48,2169.6,1
147,63,19,15,102.11,1531.65,1
148,63,2,15,56.5,847.5,1
149,63,6,5,144.93,724.65,1
150,64,4,20,76.51,1530.2,1
151,64,2,15,52.45,786.75,1
152,65,9,40,75.84,3033.6,1
153,65,2,30,55.96,1678.8,1
154,65,12,10,46.49,464.9,1
155,65,5,15,109.97,1649.55,1
156,66,17,10,116.02,1160.2,1
157,66,2,5,57.1,285.5,1
158,67,1,15,47.18,707.7,1
159,67,7,20,39.11,782.2,1
160,68,3,10,82.1,821.0,1
161,69,13,15,81.79,1226.85,1
162,69,2,15,52.41,786.15,1
163,70,3,5,83.55,417.75,1
164,70,15,60,67.34,4040.4,1
165,70,6,20,132.82,2656.4,1
166,71,13,10,81.7,817.0,1
167,71,12,15,46.63,699.45,1
168,72,13,30,80.05,2401.5,1
169,72,2,20,53.73,1074.6,1
170,72,3,5,78.31,391.55,1
171,72,5,20,106.77,2135.4,1
172,73,14,30,78.59,2357.7,1
173,74,18,15,122.62,1839.3,1
174,74,13,15,86.16,1292.4,1
175,74,5,10,105.62,1056.2,1
176,75,17,40,107.09,4283.6,1
177,75,2,20,54.05,1081.0,1
178,75,20,10,43.78,437.8,1
179,76,9,5,73.99,369.95,1
180,76,7,100,41.37,4137.0,1
181,77,1,100,50.71,5071.0,1
182,78,9,50,85.09,4254.5,1
183,78,19,15,91.32,1369.8,1
184,79,5,15,112.72,1690.8,1
185,79,2,20,56.78,1135.6,1
186,79,13,10,80.38,803.8,1
187,80,5,5,105.7,528.5,1
188,80,4,5,71.46,357.3,1
189,80,3,100,88.03,8803.0,1
190,81,18,15,112.12,1681.8,1
191,81,19,30,90.92,2727.6,1
192,82,11,50,53.9,2695.0,1
193,82,20,10,45.22,452.2,1
194,82,3,15,83.38,1250.7,1
195,82,15,60,69.01,4140.6,1
196,83,5,30,107.94,3238.2,1
197,83,8,20,38.98,779.6,1
198,84,1,30,51.08,1532.4,1
199,84,19,10,98.07,980.7,1
200,84,13,10,90.71,907.1,1
201,84,8,100,46.57,4657.0,1
202,85,7,20,35.58,711.6,1
203,85,2,10,57.53,575.3,1
204,85,20,15,48.12,721.8,1
205,85,14,50,81.56,4078.0,1
206,86,5,5,112.02,560.1,1
207,86,17,15,116.39,1745.85,1
208,87,6,30,138.0,4140.0,1
209,87,2,5,59.86,299.3,1
210,88,1,40,48.67,1946.8,1
211,89,10,10,106.71,1067.1,1
212,89,14,50,81.44,4072.0,1
213,89,3,15,80.44,1206.6,1
214,90,1,5,43.03,215.15,1
215,90,7,50,40.22,2011.0,1
216,90,2,20,58.18,1163.6,1
217,90,11,100,54.63,5463.0,1
218,91,10,50,114.36,5718.0,1
219,91,1,50,47.03,2351.5,1
220,91,14,100,83.37,8337.0,1
221,92,1,30,48.24,1447.2,1
222,92,20,20,44.67,893.4,1
223,92,11,30,59.56,1786.8,1
224,92,9,50,74.72,3736.0,1
225,93,9,15,82.96,1244.4,1
226,93,18,5,107.48,537.4,1
227,94,4,100,77.32,7732.0,1
228,94,13,20,76.62,1532.4,1
229,95,10,10,108.0,1080.0,1
230,96,1,10,49.51,495.1,1
231,96,10,50,109.13,5456.5,1
232,96,9,5,81.81,409.05,1
233,96,15,15,65.86,987.9,1
234,97,4,15,73.43,1101.45,1
235,97,3,30,82.63,2478.9,1
236,97,2,30,54.89,1646.7,1
237,98,13,5,85.94,429.7,1
238,98,2,20,53.68,1073.6,1
239,98,11,5,54.89,274.45,1
240,98,5,40,106.36,4254.4,1
241,99,4,30,75.0,2250.0,1
242,100,5,40,104.73,4189.2,1
243,100,13,30,82.56,2476.8,1
244,101,8,5,47.4,237.0,1
245,101,9,5,85.3,426.5,1
246,101,17,15,107.74,1616.1,1
247,102,6,15,140.54,2108.1,1
248,102,2,15,51.76,776.4,1
249,102,4,30,65.99,1979.7,1
250,102,3,50,81.82,4091.0,1
251,103,8,50,43.66,2183.0,1
252,103,14,5,90.73,453.65,1
253,103,4,10,81.62,816.2,1
254,104,4,100,75.69,7569.0,1
255,104,12,15,43.15,647.25,1
256,105,20,5,43.05,215.25,1
257,106,2,30,56.77,1703.1,1
258,106,19,20,101.93,2038.6,1
259,106,14,40,74.8,2992.0,1
260,107,5,5,103.6,518.0,1
261,107,8,20,42.97,859.4,1
262,107,12,10,40.98,409.8,1
263,108,17,30,124.41,3732.3,1
264,108,3,50,82.78,4139.0,1
265,109,9,15,83.98,1259.7,1
266,109,8,15,42.85,642.75,1
267,109,13,10,82.59,825.9,1
268,110,17,15,115.21,1728.15,1
269,111,5,30,104.56,3136.8,1
270,111,3,15,87.72,1315.8,1
271,111,11,10,53.04,530.4,1
272,112,16,20,75.21,1504.2,1
273,112,17,20,111.73,2234.6,1
274,112,18,15,118.16,1772.4,1
275,113,20,10,46.07,460.7,1
276,113,3,10,84.83,848.3,1
277,114,20,10,44.9,449.0,1
278,114,2,60,58.04,3482.4,1
279,114,11,60,59.81,3588.6,1
280,115,6,20,132.9,2658.0,1
281,116,13,20,89.02,1780.4,1
282,117,2,15,53.32,799.8,1
283,118,4,20,73.33,1466.6,1
284,118,15,100,71.2,7120.0,1
285,118,17,30,111.41,3342.3,1
286,119,7,100,42.82,4282.0,1
287,119,16,30,70.11,2103.3,1
288,120,13,20,76.97,1539.4,1
289,120,1,10,44.2,442.0,1
290,120,8,20,41.48,829.6,1
291,121,20,5,47.46,237.3,1
292,121,19,50,97.14,4857.0,1
293,122,14,100,89.84,8984.0,1
294,122,13,15,90.48,1357.2,1
295,123,9,10,81.45,814.5,1
296,123,13,5,88.76,443.8,1
297,124,10,10,115.98,1159.8,1
298,124,20,10,47.62,476.2,1
299,124,16,60,73.53,4411.8,1
300,124,5,15,106.48,1597.2,1
301,125,16,10,77.9,779.0,1
302,125,4,15,77.33,1159.95,1
303,125,12,10,40.13,401.3,1
304,126,14,5,77.71,388.55,1
305,126,8,20,43.21,864.2,1
306,127,3,10,84.9,849.0,1
307,127,2,40,51.08,2043.2,1
308,127,15,50,69.39,3469.5,1
309,127,10,30,116.66,3499.8,1
310,128,15,20,69.27,1385.4,1
311,128,6,30,135.0,4050.0,1
312,128,12,10,44.87,448.7,1
313,128,18,40,116.84,4673.6,1
314,129,9,100,82.43,8243.0,1
315,129,4,20,76.01,1520.2,1
316,129,1,15,45.95,689.25,1
317,129,14,30,85.33,2559.9,1
318,130,20,100,44.0,4400.0,1
319,130,13,5,84.7,423.5,1
320,130,11,5,58.23,291.15,1
321,131,19,15,102.78,1541.7,1
322,131,9,5,77.91,389.55,1
323,132,20,30,44.67,1340.1,1
324,132,18,30,104.82,3144.6,1
325,132,6,40,125.79,5031.6,1
326,132,9,100,82.37,8237.0,1
327,133,13,60,79.92,4795.2,1
328,133,2,5,58.13,290.65,1
329,134,11,10,58.95,589.5,1
330,134,13,15,83.6,1254.0,1
331,134,20,40,41.19,1647.6,1
332,135,9,5,81.23,406.15,1
333,135,12,20,46.88,937.6,1
334,135,13,30,82.63,2478.9,1
335,135,1,100,50.81,5081.0,1
336,136,11,20,56.31,1126.2,1
337,136,7,5,42.5,212.5,1
338,136,6,30,138.95,4168.5,1
339,137,1,20,45.93,918.6,1
340,138,4,10,71.74,717.4,1
341,138,10,60,109.77,6586.2,1
342,139,4,10,65.44,654.4,1
343,140,12,40,45.43,1817.2,1
344,140,8,5,45.7,228.5,1
345,141,2,100,55.99,5599.0,1
346,141,13,20,79.37,1587.4,1
347,142,7,15,39.51,592.65,1
348,142,1,5,47.95,239.75,1
349,142,4,5,68.99,344.95,1
350,143,11,20,56.16,1123.2,1
351,143,7,5,42.8,214.0,1
352,143,4,5,76.7,383.5,1
353,144,2,20,54.26,1085.2,1
354,144,13,30,88.36,2650.8,1
355,144,18,5,115.57,577.85,1
356,144,6,30,141.7,4251.0,1
357,145,14,20,80.74,1614.8,1
358,145,1,50,48.55,2427.5,1
359,146,20,10,46.55,465.5,1
360,146,9,15,88.52,1327.8,1
361,147,16,100,72.05,7205.0,1
362,147,3,20,86.26,1725.2,1
363,147,20,5,47.73,238.65,1
364,148,18,10,114.45,1144.5,1
365,148,13,100,77.75,7775.0,1
366,148,4,40,81.01,3240.4,1
367,149,11,30,58.96,1768.8,1
368,149,20,50,41.06,2053.0,1
369,150,16,20,77.41,1548.2,1
370,150,19,50,95.26,4763.0,1
371,151,1,10,49.92,499.2,1
372,151,20,20,47.93,958.6,1
373,152,4,20,74.5,1490.0,1
374,152,3,10,83.65,836.5,1
375,152,5,20,115.54,2310.8,1
376,152,14,5,80.46,402.3,1
377,153,4,15,76.99,1154.85,1
378,153,1,15,48.52,727.8,1
379,153,3,10,90.0,900.0,1
380,153,9,10,87.4,874.0,1
381,154,13,20,88.86,1777.2,1
382,154,16,60,75.69,4541.4,1
383,155,11,20,57.15,1143.0,1
384,155,9,50,81.25,4062.5,1
385,155,8,5,44.17,220.85,1
386,156,8,100,41.91,4191.0,1
387,156,4,100,76.67,7667.0,1
388,156,13,30,85.39,2561.7,1
389,156,9,30,92.35,2770.5,1
390,157,2,10,55.58,555.8,1
391,158,8,10,42.94,429.4,1
392,158,7,30,43.83,1314.9,1
393,158,20,20,47.18,943.6,1
394,159,18,30,117.48,3524.4,1
395,159,5,5,110.99,554.95,1
396,159,7,20,40.9,818.0,1
397,159,12,10,41.78,417.8,1
398,160,3,5,90.52,452.6,1
399,160,12,100,47.01,4701.0,1
400,160,20,30,44.37,1331.1,1
401,161,10,10,117.23,1172.3,1
402,161,17,30,116.85,3505.5,1
403,161,2,30,59.87,1796.1,1
404,162,13,5,82.95,414.75,1
405,163,1,20,47.03,940.6,1
406,163,4,10,64.39,643.9,1
407,164,2,20,59.27,1185.4,1
408,164,5,15,117.67,1765.05,1
409,165,19,30,92.44,2773.2,1
410,165,1,15,45.06,675.9,1
411,166,12,40,46.4,1856.0,1
412,166,7,10,40.56,405.6,1
413,166,14,50,80.23,4011.5,1
414,167,4,10,71.88,718.8,1
415,167,13,30,76.35,2290.5,1
416,168,16,5,77.39,386.95,1
417,168,5,10,105.15,1051.5,1
418,168,13,15,86.2,1293.0,1
419,169,1,100,54.19,5419.0,1
420,169,18,15,114.62,1719.3,1
421,169,9,5,85.89,429.45,1
422,170,12,20,44.85,897.0,1
423,170,7,20,42.3,846.0,1
424,170,3,100,82.8,8280.0,1
425,171,9,10,82.82,828.2,1
426,171,16,20,80.37,1607.4,1
427,172,6,30,128.87,3866.1,1
428,173,12,5,45.27,226.35,1
429,173,13,20,87.86,1757.2,1
430,173,1,10,56.63,566.3,1
431,174,19,100,99.66,9966.0,1
432,174,4,15,69.91,1048.65,1
433,175,19,100,100.28,10028.0,1
434,175,10,10,120.14,1201.4,1
435,176,2,100,54.25,5425.0,1
436,177,5,5,104.93,524.65,1
437,178,5,10,115.16,1151.6,1
438,178,16,20,76.38,1527.6,1
439,179,2,20,61.02,1220.4,1
440,179,5,15,112.1,1681.5,1
441,180,12,100,45.85,4585.0,1
442,181,9,5,80.32,401.6,1
443,182,12,20,43.17,863.4,1
444,182,13,10,78.37,783.7,1
445,183,20,20,45.48,909.6,1
446,183,2,5,55.07,275.35,1
447,183,18,30,118.54,3556.2,1
448,183,1,5,52.87,264.35,1
449,184,9,5,84.35,421.75,1
450,184,8,10,46.27,462.7,1
451,185,8,15,44.48,667.2,1
452,185,18,100,119.19,11919.0,1
453,186,5,30,114.6,3438.0,1
454,186,20,30,44.27,1328.1,1
455,186,1,30,48.0,1440.0,1
456,187,4,10,76.97,769.7,1
457,188,1,30,49.92,1497.6,1
458,188,20,20,47.04,940.8,1
459,188,18,30,115.05,3451.5,1
460,189,1,5,46.06,230.3,1
461,189,13,5,86.03,430.15,1
462,190,3,15,84.22,1263.3,1
463,190,5,5,103.95,519.75,1
464,191,17,5,117.0,585.0,1
465,191,13,30,81.25,2437.5,1
466,192,5,5,109.69,548.45,1
467,192,10,5,108.93,544.65,1
468,192,20,20,44.24,884.8,1
469,192,9,5,84.64,423.2,1
470,193,16,15,76.01,1140.15,1
471,193,2,15,51.9,778.5,1
472,193,17,10,112.88,1128.8,1
473,194,14,30,83.85,2515.5,1
474,194,16,15,75.39,1130.85,1
475,195,8,30,44.77,1343.1,1
476,196,8,10,41.7,417.0,1
477,197,19,15,102.79,1541.85,1
478,197,20,5,44.6,223.0,1
479,197,3,15,82.23,1233.45,1
480,197,4,20,69.46,1389.2,1
481,198,9,15,85.14,1277.1,1
482,198,8,100,45.02,4502.0,1
483,199,13,10,83.65,836.5,1
484,199,12,20,46.8,936.0,1
485,199,8,20,45.19,903.8,1
486,200,9,10,87.2,872.0,1
487,200,13,20,92.05,1841.0,1
488,201,1,20,50.41,1008.2,1
489,202,13,5,78.61,393.05,1
490,203,7,10,38.06,380.6,1
491,203,15,10,68.85,688.5,1
492,204,5,100,106.46,10646.0,1
493,204,3,10,86.43,864.3,1
494,204,1,10,53.93,539.3,1
495,205,9,20,86.57,1731.4,1
496,206,1,30,53.67,1610.1,1
497,206,20,10,45.14,451.4,1
498,207,15,20,68.81,1376.2,1
499,207,6,5,139.34,696.7,1
500,208,4,15,74.71,1120.65,1
501,209,17,10,116.88,1168.8,1
502,209,20,50,45.88,2294.0,1
503,210,13,30,90.29,2708.7,1
504,210,19,15,98.18,1472.7,1
505,211,16,10,79.8,798.0,1
506,211,6,50,140.94,7047.0,1
507,211,12,5,45.82,229.1,1
508,212,12,30,45.84,1375.2,1
509,212,3,20,96.14,1922.8,1
510,212,4,15,79.86,1197.9,1
511,213,16,50,83.17,4158.5,1
512,213,17,10,121.36,1213.6,1
513,214,2,20,61.82,1236.4,1
514,214,1,10,50.48,504.8,1
515,215,19,10,106.22,1062.2,1
516,215,18,15,115.98,1739.7,1
517,216,11,5,56.64,283.2,1
518,217,3,50,89.53,4476.5,1
519,217,4,100,72.29,7229.0,1
520,217,9,20,78.56,1571.2,1
521,217,1,50,46.65,2332.5,1
522,218,17,20,125.28,2505.6,1
523,218,9,10,84.73,847.3,1
524,219,2,15,65.63,984.45,1
525,219,11,15,63.89,958.35,1
526,220,2,5,60.83,304.15,1
527,220,16,5,82.57,412.85,1
528,220,1,20,49.8,996.0,1
529,221,3,10,83.57,835.7,1
530,221,5,10,113.17,1131.7,1
531,221,13,15,87.7,1315.5,1
532,222,12,5,47.5,237.5,1
533,222,18,15,117.16,1757.4,1
534,223,12,10,48.78,487.8,1
535,223,9,10,84.83,848.3,1
536,224,13,10,90.03,900.3,1
537,224,20,15,47.86,717.9,1
538,225,4,5,73.42,367.1,1
539,225,5,20,99.49,1989.8,1
540,226,17,5,117.19,585.95,1
541,226,3,30,88.35,2650.5,1
542,226,15,5,70.74,353.7,1
543,227,4,10,76.98,769.8,1
544,228,3,30,86.06,2581.8,1
545,229,7,15,36.55,548.25,1
546,229,5,10,118.27,1182.7,1
547,230,9,15,80.69,1210.35,1
548,230,14,20,84.29,1685.8,1
549,230,20,100,48.56,4856.0,1
550,231,6,15,133.23,1998.45,1
551,232,12,10,47.64,476.4,1
552,232,5,15,111.6,1674.0,1
553,232,13,15,85.76,1286.4,1
554,232,8,20,46.44,928.8,1
555,233,13,15,88.69,1330.35,1
556,233,9,15,90.56,1358.4,1
557,234,10,5,122.91,614.55,1
558,234,13,15,87.17,1307.55,1
559,235,17,10,114.44,1144.4,1
560,236,16,10,76.87,768.7,1
561,236,8,50,45.33,2266.5,1
562,237,14,50,79.12,3956.0,1
563,237,9,15,83.05,1245.75,1
564,237,4,20,75.53,1510.6,1
565,237,3,30,92.18,2765.4,1
566,238,4,15,73.28,1099.2,1
567,238,9,20,85.15,1703.0,1
568,238,2,50,61.8,3090.0,1
569,238,18,15,121.45,1821.75,1
570,239,9,10,83.55,835.5,1
571,239,11,100,57.99,5799.0,1
572,239,20,10,45.57,455.7,1
573,240,6,20,140.91,2818.2,1
574,240,8,100,49.59,4959.0,1
575,240,9,15,82.69,1240.35,1
576,241,13,15,88.65,1329.75,1
577,241,8,15,47.51,712.65,1
578,241,4,5,76.86,384.3,1
579,242,9,15,82.91,1243.65,1
580,242,19,15,105.99,1589.85,1
581,242,10,30,105.31,3159.3,1
582,243,16,10,76.53,765.3,1
583,243,1,20,50.05,1001.0,1
584,244,3,20,85.3,1706.0,1
585,244,17,20,122.98,2459.6,1
586,245,20,5,45.5,227.5,1
587,245,7,20,43.79,875.8,1
588,246,13,30,82.45,2473.5,1
589,247,7,10,44.15,441.5,1
590,248,13,5,90.99,454.95,1
591,248,1,10,53.29,532.9,1
592,249,10,10,116.82,1168.2,1
593,249,16,50,81.01,4050.5,1
594,249,11,5,64.69,323.45,1
595,250,2,15,58.72,880.8,1
596,250,16,5,78.44,392.2,1
597,251,5,50,117.4,5870.0,1
598,251,14,10,84.76,847.6,1
599,252,7,20,43.18,863.6,1
600,252,15,10,68.8,688.0,1
601,252,9,50,88.3,4415.0,1
602,252,20,15,44.96,674.4,1
603,253,2,10,52.3,523.0,1
604,254,5,5,112.37,561.85,1
605,254,2,100,59.24,5924.0,1
606,254,7,15,43.2,648.0,1
607,255,2,5,58.17,290.85,1
608,255,5,10,119.66,1196.6,1
609,255,3,30,83.23,2496.9,1
610,255,12,10,46.65,466.5,1
611,256,14,15,77.89,1168.35,1
612,256,16,15,76.25,1143.75,1
613,256,10,30,120.35,3610.5,1
614,256,12,30,46.63,1398.9,1
615,257,7,10,39.47,394.7,1
616,257,19,20,101.55,2031.0,1
617,257,16,15,80.14,1202.1,1
618,258,10,5,116.64,583.2,1
619,258,4,10,73.8,738.0,1
620,258,17,5,106.95,534.75,1
621,259,13,100,86.06,8606.0,1
622,260,19,20,93.16,1863.2,1
623,260,3,15,85.7,1285.5,1
624,261,18,10,115.26,1152.6,1
625,261,5,5,109.42,547.1,1
626,261,9,10,88.01,880.1,1
627,261,20,15,46.53,697.95,1
628,262,20,10,49.27,492.7,1
629,262,2,15,60.45,906.75,1
630,262,3,40,86.21,3448.4,1
631,263,5,60,114.57,6874.2,1
632,263,6,20,137.07,2741.4,1
633,263,20,5,44.49,222.45,1
634,264,1,30,45.12,1353.6,1
635,264,8,5,45.5,227.5,1
636,265,12,5,44.43,222.15,1
637,265,11,20,59.62,1192.4,1
638,265,8,50,47.95,2397.5,1
639,265,14,20,87.23,1744.6,1
640,266,3,15,83.96,1259.4,1
641,267,1,5,52.23,261.15,1
642,267,12,20,43.49,869.8,1
643,268,14,15,80.97,1214.55,1
644,268,10,10,120.52,1205.2,1
645,268,7,30,44.18,1325.4,1
646,269,11,15,58.24,873.6,1
647,269,20,20,50.54,1010.8,1
648,269,8,40,48.01,1920.4,1
649,269,5,10,112.58,1125.8,1
650,270,16,10,74.41,744.1,1
651,271,5,20,111.04,2220.8,1
652,271,14,15,85.89,1288.35,1
653,272,7,10,45.18,451.8,1
654,272,11,10,57.61,576.1,1
655,273,9,100,85.19,8519.0,1
656,273,13,5,86.5,432.5,1
657,274,9,60,79.72,4783.2,1
658,274,1,100,50.69,5069.0,1
659,275,20,10,47.17,471.7,1
660,276,20,10,48.83,488.3,1
661,276,9,10,82.16,821.6,1
662,276,13,15,87.51,1312.65,1
663,276,1,15,53.66,804.9,1
664,277,8,20,47.31,946.2,1
665,277,5,10,107.54,1075.4,1
666,278,16,30,75.63,2268.9,1
667,278,5,20,101.2,2024.0,1
668,278,15,100,69.52,6952.0,1
669,278,1,50,55.05,2752.5,1
670,279,2,30,63.84,1915.2,1
671,279,3,15,87.95,1319.25,1
672,279,9,15,88.81,1332.15,1
673,280,9,10,86.44,864.4,1
674,280,18,100,113.16,11316.0,1
675,280,8,15,46.7,700.5,1
676,280,10,10,121.15,1211.5,1
677,281,5,10,103.17,1031.7,1
678,281,6,30,159.59,4787.7,1
679,282,20,15,49.49,742.35,1
680,282,4,50,74.74,3737.0,1
681,282,14,5,86.26,431.3,1
682,282,7,15,43.41,651.15,1
683,283,20,40,48.95,1958.0,1
684,283,9,10,91.34,913.4,1
685,283,3,10,91.52,915.2,1
686,284,13,5,84.81,424.05,1
687,284,20,100,48.96,4896.0,1
688,285,1,30,53.29,1598.7,1
689,285,6,40,143.29,5731.6,1
690,286,10,40,112.95,4518.0,1
691,286,19,5,98.15,490.75,1
692,286,12,30,46.0,1380.0,1
693,287,4,5,67.98,339.9,1
694,287,13,5,87.79,438.95,1
695,288,10,10,107.88,1078.8,1
696,288,19,10,98.38,983.8,1
697,288,1,10,54.24,542.4,1
698,289,5,40,112.88,4515.2,1
699,289,13,100,80.33,8033.0,1
700,290,1,15,55.36,830.4,1
701,290,10,15,112.68,1690.2,1
702,290,2,20,58.53,1170.6,1
703,291,6,60,147.12,8827.2,1
704,291,11,10,67.27,672.7,1
705,292,9,5,84.84,424.2,1
706,292,5,20,114.61,2292.2,1
707,292,1,10,51.75,517.5,1
708,293,2,20,57.93,1158.6,1
709,294,11,5,61.47,307.35,1
710,295,1,10,49.15,491.5,1
711,295,9,30,91.05,2731.5,1
712,296,5,10,110.53,1105.3,1
713,296,20,20,40.48,809.6,1
714,296,9,20,86.4,1728.0,1
715,296,1,20,54.65,1093.0,1
716,297,16,5,82.99,414.95,1
717,297,20,60,45.48,2728.8,1
718,297,7,20,41.68,833.6,1
719,297,2,100,49.46,4946.0,1
720,298,8,10,46.1,461.0,1
721,298,4,5,73.74,368.7,1
722,299,16,50,83.74,4187.0,1
723,299,9,10,90.82,908.2,1
724,299,7,10,44.6,446.0,1
725,299,13,5,92.04,460.2,1
726,300,11,20,61.43,1228.6,1
727,300,9,20,85.63,1712.6,1
728,301,8,15,47.57,713.55,1
729,301,13,10,80.84,808.4,1
730,302,2,15,54.56,818.4,1
731,303,8,30,46.01,1380.3,1
732,303,9,100,85.89,8589.0,1
733,304,19,60,103.18,6190.8,1
734,304,13,10,87.02,870.2,1
735,304,7,5,42.75,213.75,1
736,305,8,5,47.54,237.7,1
737,306,17,10,122.93,1229.3,1
738,306,1,100,47.7,4770.0,1
739,307,8,15,42.06,630.9,1
740,307,19,5,98.12,490.6,1
741,307,7,10,41.19,411.9,1
742,307,16,20,72.91,1458.2,1
743,308,1,50,53.36,2668.0,1
744,308,20,5,46.7,233.5,1
745,309,4,5,80.68,403.4,1
746,309,2,30,59.63,1788.9,1
747,310,7,20,44.56,891.2,1
748,311,8,10,43.52,435.2,1
749,311,20,15,47.4,711.0,1
750,312,9,5,89.42,447.1,1
751,313,1,30,51.76,1552.8,1
752,313,8,40,41.99,1679.6,1
753,313,20,5,48.68,243.4,1
754,314,8,10,44.51,445.1,1
755,314,3,10,81.24,812.4,1
756,315,18,100,117.69,11769.0,1
757,316,7,20,38.2,764.0,1
758,316,3,15,88.79,1331.85,1
759,316,20,15,47.05,705.75,1
760,317,13,100,84.29,8429.0,1
761,317,14,15,86.52,1297.8,1
762,317,20,20,43.47,869.4,1
763,317,12,10,49.54,495.4,1
764,318,6,30,147.81,4434.3,1
765,318,11,5,55.24,276.2,1
766,319,19,10,103.85,1038.5,1
767,319,7,15,41.36,620.4,1
768,320,13,50,84.99,4249.5,1
769,320,5,100,107.13,10713.0,1
770,320,4,30,69.14,2074.2,1
771,321,20,10,41.65,416.5,1
772,321,15,20,73.06,1461.2,1
773,321,2,10,58.0,580.0,1
774,321,12,10,43.67,436.7,1
775,322,4,10,73.93,739.3,1
776,323,18,30,122.46,3673.8,1
777,323,1,20,54.09,1081.8,1
778,323,6,100,139.02,13902.0,1
779,323,3,100,92.58,9258.0,1
780,324,8,30,45.04,1351.2,1
781,324,1,10,54.41,544.1,1
782,325,3,50,85.26,4263.0,1
783,325,2,15,61.76,926.4,1
784,326,8,10,45.14,451.4,1
785,326,7,50,37.84,1892.0,1
786,326,16,30,79.78,2393.4,1
787,326,6,5,142.85,714.25,1
788,327,9,15,84.99,1274.85,1
789,328,20,20,43.86,877.2,1
790,329,9,100,82.6,8260.0,1
791,329,6,20,148.06,2961.2,1
792,330,13,60,90.22,5413.2,1
793,330,9,10,90.07,900.7,1
794,330,8,60,45.43,2725.8,1
795,330,14,100,83.95,8395.0,1
796,331,17,20,125.1,2502.0,1
797,331,2,10,59.22,592.2,1
798,331,5,100,120.86,12086.0,1
799,332,3,40,91.15,3646.0,1
800,333,2,20,54.97,1099.4,1
801,333,8,50,47.39,2369.5,1
802,333,9,20,90.49,1809.8,1
803,334,20,40,45.52,1820.8,1
804,334,11,60,61.02,3661.2,1
805,335,3,100,88.7,8870.0,1
806,335,8,20,48.0,960.0,1
807,336,20,10,48.31,483.1,1
808,336,3,10,90.34,903.4,1
809,336,13,5,80.87,404.35,1
810,337,18,5,117.24,586.2,1
811,337,13,15,89.74,1346.1,1
812,337,20,20,47.63,952.6,1
813,338,7,10,39.17,391.7,1
814,338,13,50,82.89,4144.5,1
815,338,4,20,72.96,1459.2,1
816,338,14,40,90.8,3632.0,1
817,339,16,40,78.9,3156.0,1
818,339,20,10,44.98,449.8,1
819,339,1,20,55.5,1110.0,1
820,340,7,5,38.37,191.85,1
821,340,9,30,84.8,2544.0,1
822,341,1,50,46.63,2331.5,1
823,341,5,20,119.44,2388.8,1
824,341,9,10,92.73,927.3,1
825,342,10,10,113.38,1133.8,1
826,342,1,100,46.74,4674.0,1
827,343,8,10,49.84,498.4,1
828,344,2,20,56.12,1122.4,1
829,344,8,20,41.69,833.8,1
830,344,13,10,86.43,864.3,1
831,345,20,5,46.37,231.85,1
832,345,17,5,118.92,594.6,1
833,345,3,15,92.93,1393.95,1
834,346,8,10,49.18,491.8,1
835,346,20,20,48.62,972.4,1
836,347,2,60,62.57,3754.2,1
837,347,14,50,85.87,4293.5,1
838,348,12,5,46.75,233.75,1
839,348,14,15,85.3,1279.5,1
840,348,3,100,80.45,8045.0,1
841,349,14,20,86.82,1736.4,1
842,349,5,5,112.98,564.9,1
843,350,20,15,50.95,764.25,1
844,350,3,40,92.47,3698.8,1
845,350,8,10,44.8,448.0,1
846,351,19,5,102.48,512.4,1
847,351,14,10,83.45,834.5,1
848,352,2,20,55.35,1107.0,1
849,352,9,20,84.62,1692.4,1
850,353,6,15,142.2,2133.0,1
851,353,15,10,74.63,746.3,1
852,353,14,20,90.35,1807.0,1
853,353,20,30,46.11,1383.3,1
854,354,10,50,112.82,5641.0,1
855,354,3,40,86.02,3440.8,1
856,354,1,20,56.11,1122.2,1
857,354,5,10,110.82,1108.2,1
858,355,17,5,126.59,632.95,1
859,355,20,30,45.38,1361.4,1
860,356,3,15,79.85,1197.75,1
861,357,3,100,87.95,8795.0,1
862,358,18,10,117.14,1171.4,1
863,358,3,20,90.1,1802.0,1
864,359,14,20,88.64,1772.8,1
865,359,4,15,66.98,1004.7,1
866,359,5,10,116.51,1165.1,1
867,359,9,30,84.27,2528.1,1
868,360,20,50,49.09,2454.5,1
869,360,13,50,86.02,4301.0,1
870,360,9,15,83.53,1252.95,1
871,360,2,15,59.06,885.9,1
872,361,12,15,45.27,679.05,1
873,361,16,20,80.32,1606.4,1
874,361,19,10,97.72,977.2,1
875,362,3,10,90.84,908.4,1
876,362,13,15,90.61,1359.15,1
877,362,4,10,72.72,727.2,1
878,363,2,15,54.18,812.7,1
879,364,2,10,61.02,610.2,1
880,364,4,30,83.91,2517.3,1
881,364,1,15,57.36,860.4,1
882,365,3,100,88.5,8850.0,1
883,365,13,20,82.88,1657.6,1
884,365,5,20,114.28,2285.6,1
885,366,8,5,43.57,217.85,1
886,367,15,15,72.33,1084.95,1
887,367,1,15,51.61,774.15,1
888,368,15,10,68.09,680.9,1
889,368,7,20,43.89,877.8,1
890,368,8,60,46.39,2783.4,1
891,369,8,20,44.06,881.2,1
892,369,13,10,86.69,866.9,1
893,369,10,30,115.71,3471.3,1
894,369,2,5,58.13,290.65,1
895,370,13,40,86.16,3446.4,1
896,370,4,60,72.9,4374.0,1
897,370,20,30,43.88,1316.4,1
898,370,1,10,49.68,496.8,1
899,371,9,15,90.53,1357.95,1
900,371,1,40,55.57,2222.8,1
901,372,2,40,57.36,2294.4,1
902,373,15,15,70.36,1055.4,1
903,373,13,30,89.94,2698.2,1
904,373,1,15,53.62,804.3,1
905,373,7,5,43.55,217.75,1
906,374,4,40,81.66,3266.4,1
907,374,9,100,89.11,8911.0,1
908,374,10,20,123.13,2462.6,1
909,375,18,20,114.79,2295.8,1
910,375,15,10,68.42,684.2,1
911,375,3,10,85.46,854.6,1
912,375,9,50,81.32,4066.0,1
913,376,1,20,53.28,1065.6,1
914,376,5,30,119.0,3570.0,1
915,376,16,10,74.84,748.4,1
916,377,6,20,146.1,2922.0,1
917,377,8,10,42.24,422.4,1
918,377,13,20,89.41,1788.2,1
919,377,1,30,53.89,1616.7,1
920,378,8,20,47.96,959.2,1
921,378,10,15,117.67,1765.05,1
922,379,19,20,95.17,1903.4,1
923,380,19,30,99.55,2986.5,1
924,380,13,30,89.52,2685.6,1
925,380,20,5,49.48,247.4,1
926,380,6,30,135.89,4076.7,1
927,381,20,5,46.48,232.4,1
928,381,4,30,75.02,2250.6,1
929,381,1,15,55.0,825.0,1
930,381,3,10,81.69,816.9,1
931,382,17,20,119.92,2398.4,1
932,383,6,15,147.31,2209.65,1
933,383,12,100,45.18,4518.0,1
934,383,15,20,75.07,1501.4,1
935,384,8,100,45.54,4554.0,1
936,384,12,15,47.46,711.9,1
937,385,20,20,48.14,962.8,1
938,385,15,15,73.04,1095.6,1
939,386,3,20,82.7,1654.0,1
940,387,13,20,92.87,1857.4,1
941,387,3,10,88.56,885.6,1
942,387,17,30,112.88,3386.4,1
943,387,12,10,45.06,450.6,1
944,388,10,60,125.02,7501.2,1
945,388,5,20,118.08,2361.6,1
946,388,3,60,88.94,5336.4,1
947,389,13,30,88.49,2654.7,1
948,389,5,15,112.83,1692.45,1
949,389,9,15,85.08,1276.2,1
950,389,4,5,74.95,374.75,1
951,390,8,50,46.89,2344.5,1
952,390,18,20,123.02,2460.4,1
953,391,6,30,142.28,4268.4,1
954,391,2,100,60.42,6042.0,1
955,391,16,30,76.85,2305.5,1
956,391,4,100,74.77,7477.0,1
957,392,18,10,115.73,1157.3,1
958,392,20,15,44.81,672.15,1
959,392,1,10,46.64,466.4,1
960,392,3,30,85.09,2552.7,1
961,393,1,10,49.44,494.4,1
962,393,8,20,42.82,856.4,1
963,394,8,30,45.03,1350.9,1
964,395,2,15,55.18,827.7,1
965,395,8,30,46.65,1399.5,1
966,395,3,30,82.69,2480.7,1
967,395,13,5,81.23,406.15,1
968,396,1,20,54.09,1081.8,1
969,396,9,30,86.47,2594.1,1
970,397,17,40,114.81,4592.4,1
971,397,7,60,40.57,2434.2,1
972,398,16,20,81.48,1629.6,1
973,398,20,10,50.83,508.3,1
974,398,19,15,101.13,1516.95,1
975,399,7,30,37.99,1139.7,1
976,399,3,15,83.24,1248.6,1
977,400,13,10,94.56,945.6,1
978,400,1,15,56.63,849.45,1
979,400,20,20,47.31,946.2,1
980,401,12,15,42.27,634.05,1
981,401,5,10,109.31,1093.1,1
982,402,19,50,98.57,4928.5,1
983,402,3,100,82.52,8252.0,1
984,403,7,5,41.84,209.2,1
985,403,4,30,77.16,2314.8,1
986,404,16,10,80.3,803.0,1
987,405,6,10,142.54,1425.4,1
988,406,14,15,88.82,1332.3,1
989,406,8,10,45.98,459.8,1
990,407,13,50,83.3,4165.0,1
991,407,9,15,93.3,1399.5,1
992,407,5,10,112.82,1128.2,1
993,407,2,15,63.78,956.7,1
994,408,18,5,112.02,560.1,1
995,408,2,10,58.38,583.8,1
996,408,7,20,37.14,742.8,1
997,408,4,50,77.59,3879.5,1
998,409,9,15,102.64,1539.6,1
999,410,16,5,73.22,366.1,1
1000,410,9,5,85.73,428.65,1
1001,411,9,10,91.82,918.2,1
1002,411,18,10,116.59,1165.9,1
1003,411,1,30,52.73,1581.9,1
1004,412,10,15,113.69,1705.35,1
1005,413,8,15,44.26,663.9,1
1006,413,9,10,89.92,899.2,1
1007,413,1,5,52.03,260.15,1
1008,413,16,50,79.54,3977.0,1
1009,414,16,10,79.82,798.2,1
1010,414,18,10,121.69,1216.9,1
1011,415,20,20,48.77,975.4,1
1012,415,3,100,92.83,9283.0,1
1013,416,3,15,83.66,1254.9,1
1014,416,13,30,81.93,2457.9,1
1015,417,3,5,88.24,441.2,1
1016,417,5,10,108.11,1081.1,1
1017,417,20,100,46.79,4679.0,1
1018,417,1,10,43.98749999999999,439.87,1
1019,418,17,30,122.32,3669.6,1
1020,418,10,30,116.75,3502.5,1
1021,419,5,20,105.31,2106.2,1
1022,419,2,50,53.3,2665.0,1
1023,419,3,50,85.86,4293.0,1
1024,420,8,10,47.54,475.4,1
1025,420,9,15,87.86,1317.9,1
1026,420,2,10,63.1,631.0,1
1027,421,8,15,48.34,725.1,1
1028,421,17,10,118.52,1185.2,1
1029,422,12,15,47.89,718.35,1
1030,422,20,10,47.3,473.0,1
1031,422,14,10,86.33,863.3,1
1032,423,4,100,75.93,7593.0,1
1033,423,9,10,87.54,875.4,1
1034,424,5,5,110.45,552.25,1
1035,424,10,10,107.2,1072.0,1
1036,424,9,50,89.27,4463.5,1
1037,425,20,15,45.5,682.5,1
1038,425,2,5,57.52,287.6,1
1039,425,18,20,111.42,2228.4,1
1040,426,3,10,86.0,860.0,1
1041,426,18,30,118.56,3556.8,1
1042,427,3,10,92.24,922.4,1
1043,427,10,10,115.58,1155.8,1
1044,428,19,10,98.02,980.2,1
1045,428,8,30,45.03,1350.9,1
1046,429,1,5,55.21,276.05,1
1047,429,20,50,47.42,2371.0,1
1048,430,2,15,63.83,957.45,1
1049,431,6,100,151.1,15110.0,1
1050,432,5,5,116.35,581.75,1
1051,433,20,5,48.36,241.8,1
1052,433,18,15,108.78,1631.7,1
1053,434,15,10,69.51,695.1,1
1054,434,19,15,98.29,1474.35,1
1055,434,1,20,50.08,1001.6,1
1056,435,13,30,90.53,2715.9,1
1057,435,8,5,44.53,222.65,1
1058,436,17,20,120.29,2405.8,1
1059,436,5,100,119.25,11925.0,1
1060,436,9,50,88.69,4434.5,1
1061,437,12,15,45.69,685.35,1
1062,437,17,20,130.84,2616.8,1
1063,437,4,30,78.9,2367.0,1
1064,437,16,15,80.3,1204.5,1
1065,438,5,10,117.2,1172.0,1
1066,438,4,15,82.84,1242.6,1
1067,438,20,10,43.52,435.2,1
1068,439,1,5,55.68,278.4,1
1069,440,20,20,51.43,1028.6,1
1070,440,13,10,87.81,878.1,1
1071,440,15,100,72.84,7284.0,1
1072,440,4,20,76.62,1532.4,1
1073,441,13,20,86.85,1737.0,1
1074,441,20,15,45.49,682.35,1
1075,441,3,15,88.4,1326.0,1
1076,442,18,5,121.13,605.65,1
1077,442,10,10,124.86,1248.6,1
1078,443,8,5,51.66,258.3,1
1079,444,20,30,47.71,1431.3,1
1080,444,8,5,49.38,246.9,1
1081,444,4,5,70.33,351.65,1
1082,445,10,5,126.21,631.05,1
1083,446,8,10,47.63,476.3,1
1084,446,5,10,119.7,1197.0,1
1085,446,17,20,124.12,2482.4,1
1086,447,2,15,59.01,885.15,1
1087,447,4,30,75.6,2268.0,1
1088,448,11,50,62.84,3142.0,1
1089,449,13,10,92.42,924.2,1
1090,450,2,15,57.48,862.2,1
1091,451,5,10,124.12,1241.2,1
1092,451,4,30,79.22,2376.6,1
1093,452,4,10,73.35,733.5,1
1094,453,3,20,82.7,1654.0,1
1095,453,1,10,49.45,494.5,1
1096,453,2,50,62.14,3107.0,1
1097,454,5,10,122.36,1223.6,1
1098,454,4,20,80.03,1600.6,1
1099,454,9,30,85.3,2559.0,1
1100,455,9,5,88.39,441.95,1
1101,455,11,100,63.55,6355.0,1
1102,455,13,30,97.03,2910.9,1
1103,456,3,15,82.37,1235.55,1
1104,456,14,15,85.79,1286.85,1
1105,457,8,30,51.2,1536.0,1
1106,457,20,5,48.8,244.0,1
1107,457,10,30,122.93,3687.9,1
1108,458,16,5,78.63,393.15,1
1109,458,13,100,93.31,9331.0,1
1110,459,16,20,82.75,1655.0,1
1111,459,12,20,43.22,864.4,1
1112,460,16,20,87.56,1751.2,1
1113,460,1,10,57.51,575.1,1
1114,461,2,5,61.89,309.45,1
1115,462,15,20,71.77,1435.4,1
1116,462,13,50,81.25,4062.5,1
1117,463,4,5,73.68,368.4,1
1118,463,2,15,65.54,983.1,1
1119,464,8,20,47.99,959.8,1
1120,465,1,5,56.21,281.05,1
1121,465,2,20,61.69,1233.8,1
1122,466,5,10,116.28,1162.8,1
1123,466,16,15,83.28,1249.2,1
1124,467,18,10,124.31,1243.1,1
1125,467,16,5,78.08,390.4,1
1126,467,20,20,46.28,925.6,1
1127,468,17,20,127.58,2551.6,1
1128,468,1,15,49.66,744.9,1
1129,469,2,30,60.5,1815.0,1
1130,469,5,5,120.71,603.55,1
1131,470,10,5,113.13,565.65,1
1132,470,14,5,85.92,429.6,1
1133,471,14,15,85.4,1281.0,1
1134,471,20,15,48.14,722.1,1
1135,472,14,10,88.3,883.0,1
1136,472,1,5,51.54,257.7,1
1137,473,20,15,50.73,760.95,1
1138,474,6,15,145.8,2187.0,1
1139,474,19,20,100.05,2001.0,1
1140,474,4,5,82.51,412.55,1
1141,474,3,20,90.58,1811.6,1
1142,475,17,15,116.62,1749.3,1
1143,475,12,20,44.57,891.4,1
1144,475,7,5,43.62,218.1,1
1145,476,9,30,88.53,2655.9,1
1146,476,17,100,120.55,12055.0,1
1147,477,13,15,86.3,1294.5,1
1148,478,5,15,117.91,1768.65,1
1149,479,2,30,59.8,1794.0,1
1150,479,10,20,116.67,2333.4,1
1151,480,2,50,60.84,3042.0,1
1152,480,15,20,76.48,1529.6,1
1153,481,14,10,92.23,922.3,1
1154,481,8,10,52.02,520.2,1
1155,482,3,20,94.61,1892.2,1
1156,482,2,20,56.28,1125.6,1
1157,482,9,60,80.69,4841.4,1
1158,482,17,50,115.86,5793.0,1
1159,483,13,100,87.34,8734.0,1
1160,483,17,10,120.92,1209.2,1
1161,484,3,30,85.1,2553.0,1
1162,484,14,5,81.28,406.4,1
1163,484,20,50,43.58,2179.0,1
1164,485,5,30,110.7,3321.0,1
1165,485,18,50,124.82,6241.0,1
1166,485,3,10,90.24,902.4,1
1167,486,18,15,118.65,1779.75,1
1168,486,12,20,46.62,932.4,1
1169,487,14,5,100.54,502.7,1
1170,487,2,50,63.38,3169.0,1
1171,488,1,10,55.98,559.8,1
1172,488,18,10,123.52,1235.2,1
1173,488,5,10,117.11,1171.1,1
1174,489,18,50,122.44,6122.0,1
1175,489,4,30,82.77,2483.1,1
1176,490,3,20,90.98,1819.6,1
1177,491,18,50,125.0,6250.0,1
1178,491,9,30,79.58,2387.4,1
1179,491,20,50,47.5,2375.0,1
1180,491,13,60,97.9,5874.0,1
1181,492,1,20,52.88,1057.6,1
1182,492,20,20,45.39,907.8,1
1183,492,4,10,78.49,784.9,1
1184,492,15,50,70.86,3543.0,1
1185,493,13,5,91.42,457.1,1
1186,493,9,15,91.38,1370.7,1
1187,494,10,60,125.82,7549.2,1
1188,494,18,15,125.69,1885.35,1
1189,495,20,20,49.49,989.8,1
1190,495,9,30,84.61,2538.3,1
1191,496,8,30,43.67,1310.1,1
1192,496,17,20,122.41,2448.2,1
1193,497,5,10,114.89,1148.9,1
1194,498,4,30,75.77,2273.1,1
1195,498,2,30,63.07,1892.1,1
1196,499,5,5,115.6,578.0,1
1197,500,11,15,61.35,920.25,1
1198,501,13,15,93.81,1407.15,1
1199,501,3,20,87.76,1755.2,1
1200,501,5,5,121.58,607.9,1
1201,501,4,20,71.41,1428.2,1
1202,502,20,50,48.36,2418.0,1
1203,502,15,5,75.56,377.8,1
1204,503,3,40,81.29,3251.6,1
1205,504,5,5,112.43,562.15,1
1206,504,9,5,87.65,438.25,1
1207,504,1,100,57.99,5799.0,1
1208,505,13,10,92.37,923.7,1
1209,505,2,10,61.67,616.7,1
1210,506,5,10,122.68,1226.8,1
1211,506,20,10,49.32,493.2,1
1212,506,1,60,52.36,3141.6,1
1213,507,4,100,79.96,7996.0,1
1214,507,9,20,87.58,1751.6,1
1215,508,8,30,45.54,1366.2,1
1216,508,16,30,82.65,2479.5,1
1217,508,7,15,43.73,655.95,1
1218,509,3,10,79.74,797.4,1
1219,509,15,100,76.73,7673.0,1
1220,509,9,15,85.04,1275.6,1
1221,509,5,15,123.19,1847.85,1
1222,510,1,15,48.2,723.0,1
1223,510,13,20,94.53,1890.6,1
1224,510,7,15,41.47,622.05,1
1225,511,6,30,149.37,4481.1,1
1226,511,11,15,65.28,979.2,1
1227,512,1,15,54.44,816.6,1
1228,513,9,10,99.76,997.6,1
1229,513,13,20,89.97,1799.4,1
1230,514,5,15,115.68,1735.2,1
1231,514,1,30,56.28,1688.4,1
1232,514,2,10,59.96,599.6,1
1233,514,12,10,48.1,481.0,1
1234,515,19,50,108.96,5448.0,1
1235,515,17,15,118.89,1783.35,1
1236,515,13,20,86.55,1731.0,1
1237,515,10,20,122.23,2444.6,1
1238,516,3,10,82.37,823.7,1
1239,516,16,20,75.96,1519.2,1
1240,516,9,10,90.09,900.9,1
1241,517,12,40,50.2,2008.0,1
1242,517,4,50,80.38,4019.0,1
1243,518,9,50,98.93,4946.5,1
1244,519,17,20,114.35,2287.0,1
1245,519,20,20,48.9,978.0,1
1246,519,3,10,88.8,888.0,1
1247,520,13,15,85.18,1277.7,1
1248,520,14,60,93.51,5610.6,1
1249,521,9,100,91.95,9195.0,1
1250,521,2,10,60.37,603.7,1
1251,521,5,30,121.28,3638.4,1
1252,522,1,15,56.56,848.4,1
1253,522,4,20,70.05,1401.0,1
1254,522,19,30,104.85,3145.5,1
1255,522,14,20,85.54,1710.8,1
1256,523,9,30,92.77,2783.1,1
1257,523,8,50,50.88,2544.0,1
1258,524,12,10,45.79,457.9,1
1259,524,2,10,56.84,568.4,1
1260,524,20,20,47.97,959.4,1
1261,524,4,20,79.0,1580.0,1
1262,525,18,30,123.88,3716.4,1
1263,525,14,5,91.37,456.85,1
1264,526,13,15,90.28,1354.2,1
1265,526,9,5,93.67,468.35,1
1266,526,17,30,118.68,3560.4,1
1267,527,20,10,51.07,510.7,1
1268,528,20,40,50.0,2000.0,1
1269,528,2,20,56.38,1127.6,1
1270,528,18,50,126.92,6346.0,1
1271,528,1,10,53.62,536.2,1
1272,529,10,10,118.86,1188.6,1
1273,529,3,30,84.33,2529.9,1
1274,530,2,30,60.44,1813.2,1
1275,530,19,30,102.29,3068.7,1
1276,530,3,30,90.97,2729.1,1
1277,531,16,40,80.39,3215.6,1
1278,531,1,50,50.62,2531.0,1
1279,531,17,5,122.12,610.6,1
1280,532,13,10,90.46,904.6,1
1281,532,8,30,44.97,1349.1,1
1282,532,20,5,47.3,236.5,1
1283,533,20,10,41.25,412.5,1
1284,533,2,50,62.64,3132.0,1
1285,533,1,15,49.99,749.85,1
1286,534,1,30,53.47,1604.1,1
1287,534,2,30,57.94,1738.2,1
1288,534,16,60,83.21,4992.6,1
1289,534,6,20,138.05,2761.0,1
1290,535,19,10,95.4,954.0,1
1291,535,9,15,89.7,1345.5,1
1292,536,13,20,89.8,1796.0,1
1293,536,9,5,86.85,434.25,1
1294,536,4,5,80.05,400.25,1
1295,536,5,10,119.09,1190.9,1
1296,537,8,20,47.95,959.0,1
1297,537,1,10,57.77,577.7,1
1298,538,3,100,92.94,9294.0,1
1299,539,4,10,82.98,829.8,1
1300,539,13,20,87.92,1758.4,1
1301,540,12,30,46.99,1409.7,1
1302,540,13,100,95.73,9573.0,1
1303,541,20,20,48.62,972.4,1
1304,541,11,30,60.93,1827.9,1
1305,542,12,20,49.19,983.8,1
1306,543,7,10,41.61,416.1,1
1307,543,1,10,54.11,541.1,1
1308,544,1,100,49.42,4942.0,1
1309,544,3,100,81.41,8141.0,1
1310,545,20,5,47.84,239.2,1
1311,546,1,10,52.25,522.5,1
1312,546,3,20,90.87,1817.4,1
1313,547,4,50,79.9,3995.0,1
1314,548,1,30,52.0,1560.0,1
1315,548,20,20,51.98,1039.6,1
1316,548,8,50,47.7,2385.0,1
1317,549,18,10,115.88,1158.8,1
1318,549,14,30,81.71,2451.3,1
1319,549,8,10,45.29,452.9,1
1320,549,2,20,61.35,1227.0,1
1321,550,12,10,45.38,453.8,1
1322,550,14,10,90.2,902.0,1
1323,550,6,15,142.95,2144.25,1
1324,551,3,5,89.22,446.1,1
1325,551,20,60,51.35,3081.0,1
1326,552,14,5,86.88,434.4,1
1327,552,9,50,94.44,4722.0,1
1328,553,9,10,91.64,916.4,1
1329,554,5,30,112.64,3379.2,1
1330,554,4,10,76.72,767.2,1
1331,554,10,10,124.51,1245.1,1
1332,555,12,10,44.1,441.0,1
1333,555,3,15,87.61,1314.15,1
1334,555,17,5,124.22,621.1,1
1335,556,3,20,90.28,1805.6,1
1336,556,15,10,70.89,708.9,1
1337,556,2,10,58.2,582.0,1
1338,556,12,50,46.87,2343.5,1
1339,557,2,5,61.23,306.15,1
1340,558,20,40,47.53,1901.2,1
1341,558,1,15,53.82,807.3,1
1342,559,1,20,56.39,1127.8,1
1343,559,13,10,86.75,867.5,1
1344,559,20,100,51.04,5104.0,1
1345,560,17,20,114.09,2281.8,1
1346,560,11,20,60.29,1205.8,1
1347,560,13,50,82.34,4117.0,1
1348,561,1,15,50.73,760.95,1
1349,561,3,30,87.55,2626.5,1
1350,561,4,15,82.23,1233.45,1
1351,561,20,30,51.04,1531.2,1
1352,562,11,10,59.21,592.1,1
1353,562,16,5,87.01,435.05,1
1354,562,12,15,45.17,677.55,1
1355,562,17,20,128.38,2567.6,1
1356,563,12,10,44.01,440.1,1
1357,563,8,10,47.23,472.3,1
1358,564,20,100,52.22,5222.0,1
1359,564,16,15,84.49,1267.35,1
1360,565,11,5,60.7,303.5,1
1361,565,8,10,49.93,499.3,1
1362,565,3,30,91.56,2746.8,1
1363,566,10,40,110.31,4412.4,1
1364,566,6,20,150.43,3008.6,1
1365,567,18,5,127.86,639.3,1
1366,568,5,10,114.73,1147.3,1
1367,568,2,30,60.1,1803.0,1
1368,568,11,30,60.44,1813.2,1
1369,569,13,20,98.45,1969.0,1
1370,569,5,10,120.33,1203.3,1
1371,570,5,15,119.53,1792.95,1
1372,570,13,15,93.23,1398.45,1
1373,571,19,5,102.23,511.15,1
1374,571,20,10,48.97,489.7,1
1375,571,13,30,97.77,2933.1,1
1376,571,2,10,63.68,636.8,1
1377,572,10,20,120.0,2400.0,1
1378,572,20,15,48.37,725.55,1
1379,573,7,20,49.02,980.4,1
1380,573,6,10,138.51,1385.1,1
1381,574,4,10,85.66,856.6,1
1382,574,7,30,41.17,1235.1,1
1383,574,9,10,81.81,818.1,1
1384,575,20,10,49.94,499.4,1
1385,575,13,15,92.1,1381.5,1
1386,575,8,5,46.95,234.75,1
1387,575,16,30,80.8,2424.0,1
1388,576,20,15,52.32,784.8,1
1389,577,5,5,113.9,569.5,1
1390,577,1,15,51.57,773.55,1
1391,577,9,30,90.18,2705.4,1
1392,578,3,10,87.02,870.2,1
1393,579,2,20,58.25,1165.0,1
1394,579,8,15,47.31,709.65,1
1395,579,3,15,82.3,1234.5,1
1396,579,11,20,63.23,1264.6,1
1397,580,9,10,96.11,961.1,1
1398,581,15,15,75.03,1125.45,1
1399,581,13,30,85.86,2575.8,1
1400,582,4,15,73.34,1100.1,1
1401,582,3,10,93.44,934.4,1
1402,582,20,30,47.02,1410.6,1
1403,582,19,15,104.25,1563.75,1
1404,583,9,30,91.29,2738.7,1
1405,583,17,10,129.06,1290.6,1
1406,583,20,30,49.18,1475.4,1
1407,584,16,10,83.84,838.4,1
1408,584,15,10,76.01,760.1,1
1409,584,14,20,88.9,1778.0,1
1410,584,2,10,64.67,646.7,1
1411,585,13,5,88.55,442.75,1
1412,585,3,30,88.27,2648.1,1
1413,585,1,30,52.31,1569.3,1
1414,586,1,60,53.55,3213.0,1
1415,587,8,60,44.78,2686.8,1
1416,587,1,50,57.66,2883.0,1
1417,587,20,10,51.15,511.5,1
1418,587,9,30,85.58,2567.4,1
1419,588,5,10,112.58,1125.8,1
1420,588,10,100,114.17,11417.0,1
1421,588,19,20,109.51,2190.2,1
1422,588,2,15,58.33,874.95,1
1423,589,9,30,95.95,2878.5,1
1424,589,20,15,44.23,663.45,1
1425,589,13,20,88.74,1774.8,1
1426,589,8,20,42.8,856.0,1
1427,590,9,15,96.45,1446.75,1
1428,590,2,15,62.81,942.15,1
1429,591,9,40,88.58,3543.2,1
1430,591,13,20,90.11,1802.2,1
1431,591,3,100,89.98,8998.0,1
1432,592,16,15,71.67,1075.05,1
1433,592,11,15,62.04,930.6,1
1434,592,15,20,72.34,1446.8,1
1435,592,18,10,122.52,1225.2,1
1436,593,5,15,123.12,1846.8,1
1437,594,2,100,54.22,5422.0,1
1438,594,7,15,42.94,644.1,1
1439,594,14,60,84.96,5097.6,1
1440,594,3,5,87.3,436.5,1
1441,595,14,20,87.29,1745.8,1
1442,595,2,50,56.91,2845.5,1
1443,596,20,10,47.81,478.1,1
1444,596,8,40,49.97,1998.8,1
1445,597,2,10,58.37,583.7,1
1446,597,3,15,91.15,1367.25,1
1447,597,15,40,71.37,2854.8,1
1448,597,8,60,47.37,2842.2,1
1449,598,17,100,128.17,12817.0,1
1450,599,8,100,41.46,4146.0,1
1451,599,15,10,74.66,746.6,1
1452,600,2,5,60.36,301.8,1
1453,600,9,30,85.77,2573.1,1
1454,600,8,15,45.1,676.5,1
1455,600,20,100,48.34,4834.0,1
1456,601,5,30,114.35,3430.5,1
1457,602,3,10,92.9,929.0,1
1458,602,1,50,47.82,2391.0,1
1459,602,4,5,78.15,390.75,1
1460,603,2,15,61.48,922.2,1
1461,604,11,15,53.7,805.5,1
1462,604,20,20,50.17,1003.4,1
1463,604,4,100,77.94,7794.0,1
1464,605,9,15,94.43,1416.45,1
1465,605,3,100,83.43,8343.0,1
1466,605,18,30,129.6,3888.0,1
1467,606,9,15,89.37,1340.55,1
1468,606,13,30,95.75,2872.5,1
1469,607,3,10,82.84,828.4,1
1470,607,12,5,47.61,238.05,1
1471,607,4,20,66.35,1327.0,1
1472,608,10,30,122.57,3677.1,1
1473,608,16,15,78.24,1173.6,1
1474,608,8,5,51.09,255.45,1
1475,608,14,15,94.7,1420.5,1
1476,609,20,20,47.34,946.8,1
1477,609,13,10,82.16,821.6,1
1478,610,14,10,86.73,867.3,1
1479,610,2,5,55.09,275.45,1
1480,610,19,20,99.78,1995.6,1
1481,611,1,10,53.2,532.0,1
1482,611,9,15,91.17,1367.55,1
1483,612,20,20,46.11,922.2,1
1484,612,5,20,118.5,2370.0,1
1485,612,7,5,45.74,228.7,1
1486,613,16,30,83.29,2498.7,1
1487,613,3,30,87.94,2638.2,1
1488,614,3,30,88.35,2650.5,1
1489,614,9,5,85.77,428.85,1
1490,614,5,10,113.52,1135.2,1
1491,614,15,15,69.7,1045.5,1
1492,615,9,100,92.53,9253.0,1
1493,615,20,30,45.22,1356.6,1
1494,616,17,20,117.29,2345.8,1
1495,616,19,40,103.08,4123.2,1
1496,616,7,20,42.38,847.6,1
1497,617,3,10,93.9,939.0,1
1498,618,6,15,149.81,2247.15,1
1499,618,9,20,92.44,1848.8,1
1500,619,20,30,45.18,1355.4,1
1501,619,2,20,53.62,1072.4,1
1502,619,6,15,143.34,2150.1,1
1503,620,17,10,111.92,1119.2,1
1504,620,19,10,104.33,1043.3,1
1505,620,4,15,73.35,1100.25,1
1506,620,5,15,113.25,1698.75,1
1507,621,20,30,46.55,1396.5,1
1508,622,6,40,147.16,5886.4,1
1509,622,17,30,131.05,3931.5,1
1510,622,2,30,62.75,1882.5,1
1511,623,3,15,91.3,1369.5,1
1512,623,14,5,80.67,403.35,1
1513,623,4,20,75.96,1519.2,1
1514,624,8,50,48.62,2431.0,1
1515,625,13,30,91.41,2742.3,1
1516,625,8,5,50.3,251.5,1
1517,625,16,5,79.75,398.75,1
1518,626,20,30,46.52,1395.6,1
1519,626,6,20,147.19,2943.8,1
1520,627,19,100,102.53,10253.0,1
1521,627,3,10,91.0,910.0,1
1522,628,17,40,120.93,4837.2,1
1523,629,20,40,45.86,1834.4,1
1524,629,11,20,61.92,1238.4,1
1525,629,9,100,89.21,8921.0,1
1526,629,17,5,125.99,629.95,1
1527,630,15,30,72.31,2169.3,1
1528,630,16,15,78.95,1184.25,1
1529,631,11,100,59.82,5982.0,1
1530,631,13,10,80.84,808.4,1
1531,631,5,40,123.76,4950.4,1
1532,631,4,10,81.75,817.5,1
1533,632,2,10,62.81,628.1,1
1534,632,18,50,124.14,6207.0,1
1535,633,3,20,87.5,1750.0,1
1536,633,4,15,80.75,1211.25,1
1537,634,12,5,46.99,234.95,1
1538,634,13,10,94.43,944.3,1
1539,634,18,15,123.82,1857.3,1
1540,634,8,30,46.73,1401.9,1
1541,635,8,5,50.4,252.0,1
1542,635,13,10,90.9,909.0,1
1543,636,19,30,100.04,3001.2,1
1544,637,5,40,110.81,4432.4,1
1545,637,8,30,49.63,1488.9,1
1546,637,18,20,128.63,2572.6,1
1547,638,5,40,111.75,4470.0,1
1548,638,1,5,54.8,274.0,1
1549,639,17,30,119.45,3583.5,1
1550,639,15,20,74.89,1497.8,1
1551,639,16,10,76.99,769.9,1
1552,639,10,20,121.05,2421.0,1
1553,640,3,100,87.87,8787.0,1
1554,640,8,60,46.59,2795.4,1
1555,641,20,10,49.24,492.4,1
1556,641,8,15,45.32,679.8,1
1557,641,16,30,79.39,2381.7,1
1558,642,20,20,43.41,868.2,1
1559,642,3,10,83.38,833.8,1
1560,643,13,50,91.36,4568.0,1
1561,643,15,10,72.48,724.8,1
1562,643,8,50,48.75,2437.5,1
1563,643,17,40,117.11,4684.4,1
1564,644,1,5,51.63,258.15,1
1565,644,13,15,88.04,1320.6,1
1566,645,11,10,61.91,619.1,1
1567,646,5,50,115.04,5752.0,1
1568,647,1,20,56.62,1132.4,1
1569,647,12,10,47.39,473.9,1
1570,647,11,50,59.22,2961.0,1
1571,648,17,10,127.2,1272.0,1
1572,648,20,100,51.06,5106.0,1
1573,649,10,30,118.52,3555.6,1
1574,649,13,20,92.78,1855.6,1
1575,649,19,15,97.38,1460.7,1
1576,649,8,30,46.03,1380.9,1
1577,650,20,10,47.74,477.4,1
1578,650,2,50,59.09,2954.5,1
1579,650,18,20,118.03,2360.6,1
1580,650,7,20,44.47,889.4,1
1581,651,5,20,118.87,2377.4,1
1582,652,17,15,120.23,1803.45,1
1583,653,8,50,49.51,2475.5,1
1584,653,5,100,114.63,11463.0,1
1585,654,1,20,57.76,1155.2,1
1586,655,20,100,48.1,4810.0,1
1587,656,4,5,81.2,406.0,1
1588,657,9,100,87.37,8737.0,1
1589,657,1,20,49.84,996.8,1
1590,658,19,5,103.47,517.35,1
1591,658,4,15,77.94,1169.1,1
1592,658,3,30,92.85,2785.5,1
1593,658,1,15,56.46,846.9,1
1594,659,13,20,93.39,1867.8,1
1595,660,5,15,117.44,1761.6,1
1596,661,8,50,47.92,2396.0,1
1597,661,7,15,45.99,689.85,1
1598,661,17,15,128.31,1924.65,1
1599,662,2,5,58.77,293.85,1
1600,663,11,10,62.34,623.4,1
1601,664,4,30,76.9,2307.0,1
1602,664,20,30,50.65,1519.5,1
1603,665,9,5,85.03,425.15,1
1604,666,3,20,98.81,1976.2,1
1605,666,8,15,45.31,679.65,1
1606,667,10,20,123.47,2469.4,1
1607,667,4,30,71.78,2153.4,1
1608,667,13,30,87.55,2626.5,1
1609,668,4,20,69.89,1397.8,1
1610,668,13,15,78.38,1175.7,1
1611,668,1,50,52.72,2636.0,1
1612,669,18,15,129.77,1946.55,1
1613,669,8,10,46.9,469.0,1
1614,669,5,100,120.61,12061.0,1
1615,670,12,5,45.53,227.65,1
1616,670,3,20,88.72,1774.4,1
1617,671,14,10,93.3,933.0,1
1618,671,5,20,116.69,2333.8,1
1619,672,5,100,111.31,11131.0,1
1620,672,8,15,49.92,748.8,1
1621,673,20,10,44.91,449.1,1
1622,674,17,50,125.41,6270.5,1
1623,674,7,5,40.37,201.85,1
1624,674,11,100,58.51,5851.0,1
1625,675,15,10,70.24,702.4,1
1626,675,6,15,139.55,2093.25,1
1627,676,5,50,117.07,5853.5,1
1628,677,3,30,90.68,2720.4,1
1629,677,10,5,121.78,608.9,1
1630,678,4,10,75.93,759.3,1
1631,678,10,10,122.95,1229.5,1
1632,679,20,30,49.5,1485.0,1
1633,679,4,15,79.92,1198.8,1
